title,source,status,macro_areas,relevance_score,relevance_label,positive_signals,negative_signals,official_url
"Avviso per la concessione di contributo per la gestione del numero pubblico “Emergenza infanzia 114""",Dipartimento per le politiche della famiglia,UNKNOWN,"Minori e adolescenti | Famiglia e genitorialità | Comunità, welfare e sviluppo territoriale",6.0,Alta,psicolog,,https://www.famiglia.governo.it/it/politiche-e-attivita/finanziamenti-avvisi-e-bandi/avvisi-e-bandi/avviso-per-la-concessione-di-contributo-per-la-gestione-del-numero-pubblico-emergenza-infanzia-114/
Avviso pubblico per il finanziamento di progetti di assistenza psicologica e psicosociologica a favore dei genitori in conseguenza della morte del figlio,Dipartimento per le politiche della famiglia,UNKNOWN,Famiglia e genitorialità,6.0,Alta,psicolog,,https://www.famiglia.governo.it/it/politiche-e-attivita/finanziamenti-avvisi-e-bandi/avvisi-e-bandi/avviso-pubblico-per-il-finanziamento-di-progetti-di-assistenza-psicologica-e-psicosociologica-a-favore-dei-genitori-in-conseguenza-della-morte-del-figlio/
Call for proposals for civil society organisations active on protecting and promoting Union values: call to intermediaries (giving financial support to third parties),eu-funding-tenders,OPEN,"Salute mentale e benessere | Digitale, innovazione e AI | Ricerca e innovazione scientifica",6.0,Alta,psychological support,,https://ec.europa.eu/info/funding-tenders/opportunities/portal/screen/opportunities/competitive-calls-cs/46357639
The impact of the use of digital tools outside school and for communication on educational outcomes and mental health,eu-funding-tenders,OPEN,"Salute mentale e benessere | Scuola, università e formazione | Digitale, innovazione e AI",6.0,Alta,mental health,,https://ec.europa.eu/info/funding-tenders/opportunities/portal/screen/opportunities/topic-details/HORIZON-CL2-2026-01-TRANSFO-04
“Legami di libertà”: 10 milioni di euro per prevenire e contrastare le dipendenze tra gli adolescenti,Fondazione Cariparo,OPEN,"Minori e adolescenti | Dipendenze | Lavoro, organizzazioni e occupazione | Comunità, welfare e sviluppo territoriale | Salute pubblica e prevenzione | Ricerca e innovazione scientifica",9.0,Alta,dipendenz | adolescent | prevenzione,,https://fondazionecariparo.it/2026/04/16/legami-di-liberta-10-milioni-di-euro-per-prevenire-e-contrastare-le-dipendenze-tra-gli-adolescenti/
Sostegno all'associazionismo sportivo e allo sport agonistico trentino,incentivi-gov,OPEN,"Minori e adolescenti | Scuola, università e formazione | Inclusione sociale e vulnerabilità | Disabilità e neurodiversità | Ricerca e innovazione scientifica",6.0,Alta,disabil | inclusione sociale | giovani | formazione,,https://www.provincia.tn.it/Amministrazione/Documenti/Legge-Provinciale-21-aprile-2016-n.-4
"Ventotene Europa Festival, 9-12 maggio 2024",aig-opportunities,UNKNOWN,"Salute mentale e benessere | Scuola, università e formazione | Inclusione sociale e vulnerabilità | Diritti, pari opportunità e contrasto alle discriminazioni",3.0,Media,inclusione sociale | formazione,,https://agenziagioventu.gov.it/ventotene-europa-festival-9-12-maggio-2024/
Online la Consultazione sulla futura politica di Bilancio dell’UE,aig-opportunities,UNKNOWN,"Minori e adolescenti | Scuola, università e formazione",2.0,Media,giovani | formazione,,https://agenziagioventu.gov.it/online-la-consultazione-sulla-futura-politica-di-bilancio-dellue/
Corso di formazione sulle politiche europee per la gioventù di AIG ed Eurodesk Italy,aig-opportunities,UNKNOWN,"Minori e adolescenti | Scuola, università e formazione | Lavoro, organizzazioni e occupazione | Digitale, innovazione e AI",2.0,Media,giovani | formazione,,https://agenziagioventu.gov.it/al-via-dal-primo-ottobre-il-corso-di-formazione-sulle-politiche-europee-per-la-gioventu-di-aig-ed-eurodesk-italy/
"Palestre di Progettazione 2026 – Informazione e orientamento, Erasmus+| Gioventù | Sport e Corpo Europeo di Solidarietà",aig-opportunities,UNKNOWN,"Minori e adolescenti | Scuola, università e formazione",2.0,Media,giovani | formazione,,https://agenziagioventu.gov.it/palestre-di-progettazione-2026/
Al via l’Avviso Pubblico “POLIS”per la nascita e il rafforzamento delle Comunità Giovanili territoriali,aig-opportunities,UNKNOWN,"Minori e adolescenti | Inclusione sociale e vulnerabilità | Comunità, welfare e sviluppo territoriale",3.0,Media,inclusione sociale | giovani,,https://agenziagioventu.gov.it/al-via-lavviso-pubblico-polisper-la-nascita-e-il-rafforzamento-delle-comunita-giovanili-territoriali/
"Le Isole, i Giovani e il Futuro| Lampedusa 24 – 26 settembre 2026 | Call for participants",aig-opportunities,UNKNOWN,"Minori e adolescenti | Inclusione sociale e vulnerabilità | Migrazione, integrazione e intercultura | Diritti, pari opportunità e contrasto alle discriminazioni",3.0,Media,inclusione sociale | giovani,,https://agenziagioventu.gov.it/le-isole-i-giovani-e-il-futuro-lampedusa-24-26-settembre-2026-call-for-participants/
Presentazione della consultazione online sulle competenze dello youth worker,aig-opportunities,OPEN,"Minori e adolescenti | Scuola, università e formazione | Ricerca e innovazione scientifica",2.0,Media,giovani | formazione,,https://agenziagioventu.gov.it/presentazione-della-consultazione-online-sulle-competenze-dello-youth-worker/
Iniziative in cofinanziamento: quinta edizione,Con i Bambini,OPEN,"Minori e adolescenti | Inclusione sociale e vulnerabilità | Lavoro, organizzazioni e occupazione | Comunità, welfare e sviluppo territoriale",3.0,Media,adolescent,,https://www.conibambini.org/bandi-e-iniziative/iniziative-in-cofinanziamento-quinta-edizione/
"Avviso ""Vita e Opportunità"": Pubblicato il decreto di nomina della Commissione di valutazione dei progetti",Dipartimento per le politiche in favore delle persone con disabilità,UNKNOWN,Famiglia e genitorialità | Inclusione sociale e vulnerabilità | Disabilità e neurodiversità,2.0,Media,disabil,,https://www.disabilita.governo.it/it/avvisi-e-bandi/avviso-vita-e-opportunita-pubblicato-il-decreto-di-nomina-della-commissione-di-valutazione-dei-progetti/
"Avviso ""Vita & Opportunità""",Dipartimento per le politiche in favore delle persone con disabilità,OPEN,Inclusione sociale e vulnerabilità | Disabilità e neurodiversità,2.0,Media,disabil,,https://www.disabilita.governo.it/it/avvisi-e-bandi/avviso-vita-opportunita/
Expo Aid: Pubblicato decreto commissione valutazione delle manifestazioni di interesse,Dipartimento per le politiche in favore delle persone con disabilità,UNKNOWN,Inclusione sociale e vulnerabilità | Disabilità e neurodiversità,2.0,Media,disabil,,https://www.disabilita.governo.it/it/avvisi-e-bandi/expo-aid-pubblicato-decreto-commissione-valutazione-delle-manifestazioni-di-interesse/
Expo AID: pubblicato decreto di approvazione dei contratti di sponsorizzazione,Dipartimento per le politiche in favore delle persone con disabilità,UNKNOWN,Famiglia e genitorialità | Inclusione sociale e vulnerabilità | Disabilità e neurodiversità,2.0,Media,disabil,,https://www.disabilita.governo.it/it/avvisi-e-bandi/expo-aid-pubblicato-decreto-di-approvazione-dei-contratti-di-sponsorizzazione/
"Informativa Avviso ""Vita & Opportunità""",Dipartimento per le politiche in favore delle persone con disabilità,UNKNOWN,"Scuola, università e formazione | Inclusione sociale e vulnerabilità | Disabilità e neurodiversità | Comunità, welfare e sviluppo territoriale",3.0,Media,disabil | formazione,,https://www.disabilita.governo.it/it/avvisi-e-bandi/informativa-avviso-vita-opportunita/
Pubblicato Accordo di collaborazione tra il Dipartimento e La Rosa Blu – Consorzio degli enti aderenti alla rete associativa di Anffas Nazionale,Dipartimento per le politiche in favore delle persone con disabilità,UNKNOWN,"Scuola, università e formazione | Inclusione sociale e vulnerabilità | Disabilità e neurodiversità",3.0,Media,disabil | formazione,,https://www.disabilita.governo.it/it/avvisi-e-bandi/pubblicato-accordo-di-collaborazione-tra-il-dipartimento-e-la-rosa-blu-consorzio-degli-enti-aderenti-alla-rete-associativa-di-anffas-nazionale/
Pubblicato decreto di riconoscimento e conferma delle associazioni e degli enti legittimati ad agire in giudizio,Dipartimento per le politiche in favore delle persone con disabilità,UNKNOWN,"Inclusione sociale e vulnerabilità | Disabilità e neurodiversità | Diritti, pari opportunità e contrasto alle discriminazioni",2.0,Media,disabil,,https://www.disabilita.governo.it/it/avvisi-e-bandi/pubblicato-decreto-di-riconoscimento-e-conferma-delle-associazioni-e-degli-enti-legittimati-ad-agire-in-giudizio/
"Pubblicato decreto recante il riparto tra le Regioni del Fondo per l’implementazione dei progetti di vita individuali, personalizzati e partecipati",Dipartimento per le politiche in favore delle persone con disabilità,UNKNOWN,"Inclusione sociale e vulnerabilità | Disabilità e neurodiversità | Lavoro, organizzazioni e occupazione",2.0,Media,disabil,,https://www.disabilita.governo.it/it/avvisi-e-bandi/pubblicato-decreto-recante-il-riparto-tra-le-regioni-del-fondo-per-l-implementazione-dei-progetti-di-vita-individuali-personalizzati-e-partecipati/
Avviso “Crescere nei piccoli comuni 2026”: stanziati 50 milioni di euro per le famiglie,Dipartimento per le politiche della famiglia,UNKNOWN,"Minori e adolescenti | Famiglia e genitorialità | Comunità, welfare e sviluppo territoriale",3.0,Media,adolescent,,https://www.famiglia.governo.it/it/politiche-e-attivita/finanziamenti-avvisi-e-bandi/avvisi-e-bandi/avviso-crescere-nei-piccoli-comuni-2026-stanziati-50-milioni-di-euro-per-le-famiglie/
Avviso pubblico per l’individuazione di tre associazioni nazionali operanti nel settore della lotta ai fenomeni dell’abuso e dello sfruttamento sessuale in danno dei minori.,Dipartimento per le politiche della famiglia,UNKNOWN,"Minori e adolescenti | Famiglia e genitorialità | Violenza, trauma e tutela | Lavoro, organizzazioni e occupazione | Salute pubblica e prevenzione",2.0,Media,prevenzione,,https://www.famiglia.governo.it/it/politiche-e-attivita/finanziamenti-avvisi-e-bandi/avvisi-e-bandi/avviso-pubblico-per-l-individuazione-di-tre-associazioni-nazionali-operanti-nel-settore-della-lotta-ai-fenomeni-dell-abuso-e-dello-sfruttamento-sessuale-in-danno-dei-minori/
Avviso pubblico per la raccolta di manifestazione di interesse a partecipare alla selezione di tre associazioni nazionali operanti nel settore della lotta ai fenomeni dell’abuso e dello sfruttamento sessuale in danno dei minori,Dipartimento per le politiche della famiglia,UNKNOWN,"Minori e adolescenti | Famiglia e genitorialità | Violenza, trauma e tutela | Salute pubblica e prevenzione",2.0,Media,prevenzione,,https://www.famiglia.governo.it/it/politiche-e-attivita/finanziamenti-avvisi-e-bandi/avvisi-e-bandi/avviso-pubblico-selezione-di-tre-associazioni-nazionali-operanti-nel-settore-della-lotta-ai-fenomeni-dell-abuso-e-dello-sfruttamento-sessuale-in-danno-dei-minori/
Persons with disabilities: opportunities for labour inclusion and social protection through the life course,eu-funding-tenders,UPCOMING,"Disabilità e neurodiversità | Violenza, trauma e tutela",2.0,Media,disabil,,https://ec.europa.eu/info/funding-tenders/opportunities/portal/screen/opportunities/topic-details/HORIZON-CL2-2027-01-TRANSFO-07
Improving socio-economic outcomes for persons with dementia and informal caregivers,eu-funding-tenders,UPCOMING,"Anziani, ageing e caregiver",2.0,Media,caregiver,,https://ec.europa.eu/info/funding-tenders/opportunities/portal/screen/opportunities/topic-details/HORIZON-CL2-2027-02-TRANSFO-09-two-stage
Addressing disabilities through the life course to support independent living and inclusion,eu-funding-tenders,UPCOMING,Disabilità e neurodiversità,2.0,Media,disabil,,https://ec.europa.eu/info/funding-tenders/opportunities/portal/screen/opportunities/topic-details/HORIZON-HLTH-2027-01-STAYHLTH-01
BANDO ZENIT Fondo Repubblica Digitale,Fondazione Cariverona,OPEN,"Scuola, università e formazione | Inclusione sociale e vulnerabilità | Disabilità e neurodiversità | Lavoro, organizzazioni e occupazione | Comunità, welfare e sviluppo territoriale | Digitale, innovazione e AI",2.0,Media,disabil | inclusione sociale | formazione,impresa,https://www.fondazionecariverona.org/Iniziative/bando-zenit-frd/
PROGRAMMA S.T.A.R. 2026,Fondazione Cariverona,OPEN,"Minori e adolescenti | Scuola, università e formazione | Lavoro, organizzazioni e occupazione | Comunità, welfare e sviluppo territoriale | Ricerca e innovazione scientifica",2.0,Media,giovani | formazione,,https://www.fondazionecariverona.org/Iniziative/programma-star-2026/
SMAQ VENETO – PIANTE OFFICINALI ED ALIMURGICHE,Fondazione Cariverona,OPEN,"Minori e adolescenti | Scuola, università e formazione | Lavoro, organizzazioni e occupazione | Comunità, welfare e sviluppo territoriale | Digitale, innovazione e AI",2.0,Media,giovani | formazione,,https://www.fondazionecariverona.org/Iniziative/smaq-veneto-2026/
Contributi per l'attività di tutoraggio - Provincia Autonoma di Trento,incentivi-gov,OPEN,"Inclusione sociale e vulnerabilità | Disabilità e neurodiversità | Lavoro, organizzazioni e occupazione",4.0,Media,disabil | inclusione sociale,,https://trasparenza.provincia.tn.it/archivio16_procedimenti_-1_180422_25_1.html
FVG - Contributi a favore dell’occupazione di persone svantaggiate,incentivi-gov,OPEN,"Inclusione sociale e vulnerabilità | Disabilità e neurodiversità | Lavoro, organizzazioni e occupazione",4.0,Media,disabil | inclusione sociale,,https://lexview-int.regione.fvg.it/FontiNormative/DettLegge.aspx?ID=5037
Contributo a sostegno del costo per l'acquisto di autoveicoli di categoria M1 e M2 - Regione autonoma Friuli-Venezia-Giulia,incentivi-gov,OPEN,"Disabilità e neurodiversità | Anziani, ageing e caregiver | Comunità, welfare e sviluppo territoriale",2.0,Media,disabil,,https://www.regione.fvg.it/rafvg/export/sites/default/RAFVG/salute-sociale/terzo-settore/FOGLIA4/allegati/26062023_DPReg_102_05.06.2023_e_regolamento_allegato.pdf
Dote Impresa Collocamento Mirato Disabili - Annualità 2025 - Provincia di Pavia,incentivi-gov,UNKNOWN,"Scuola, università e formazione | Inclusione sociale e vulnerabilità | Disabilità e neurodiversità | Lavoro, organizzazioni e occupazione | Comunità, welfare e sviluppo territoriale | Diritti, pari opportunità e contrasto alle discriminazioni",2.0,Media,disabil | inclusione sociale | formazione,impresa,https://www.provincia.pv.it/it/page/dote-impresa
Sicurezza Aler lombarde 2025,incentivi-gov,OPEN,Inclusione sociale e vulnerabilità,2.0,Media,inclusione sociale,,https://www.regione.lombardia.it/wps/portal/istituzionale/HP/DettaglioRedazionale/istituzione/direzioni-generali/direzione-generale-casa-e-housing-sociale/organizzazione-e-uffici/red-presentazione-direzione-CASP/red-presentazione-direzione-pad
Percorso formativo per i giovani delle comunità di italiani all’estero,aig-opportunities,UNKNOWN,"Minori e adolescenti | Famiglia e genitorialità | Comunità, welfare e sviluppo territoriale",1.0,Bassa,giovani,,https://agenziagioventu.gov.it/percorso-formativo-per-i-giovani-delle-comunita-di-italiani-allestero/
"Piano di azione nazionale “Giovani, pace e sicurezza”| Focus group, 11 aprile – Roma",aig-opportunities,UNKNOWN,"Minori e adolescenti | Migrazione, integrazione e intercultura | Diritti, pari opportunità e contrasto alle discriminazioni",1.0,Bassa,giovani,,https://agenziagioventu.gov.it/piano-dazione-nazionale-giovani-pace-e-sicurezza-focus-group-11-aprile-roma/
"L’Isola, i giovani e il futuro | Lampedusa, 24-27 settembre – Call for participants",aig-opportunities,UNKNOWN,"Salute mentale e benessere | Minori e adolescenti | Comunità, welfare e sviluppo territoriale",1.0,Bassa,giovani,,https://agenziagioventu.gov.it/lisola-i-giovani-e-il-futuro-lampedusa-24-27-settembre-call-for-participants/
Giovani e Mediterraneo: a Catania l’Euromediterranean Meeting on Youth promosso dall’Agenzia Italiana per la Gioventù,aig-opportunities,UNKNOWN,"Minori e adolescenti | Lavoro, organizzazioni e occupazione | Migrazione, integrazione e intercultura",1.0,Bassa,giovani,,https://agenziagioventu.gov.it/giovani-e-mediterraneo-a-catania-leuromediterranean-meeting-on-youth-promosso-dallagenzia-italiana-per-la-gioventu/
Erasmus+ Sport – Round Table on Sustainability and Social sport,aig-opportunities,UNKNOWN,"Minori e adolescenti | Inclusione sociale e vulnerabilità | Lavoro, organizzazioni e occupazione | Comunità, welfare e sviluppo territoriale",1.0,Bassa,giovani,,https://agenziagioventu.gov.it/erasmussport-round-table-on-sustainability-and-social-sport/
"QUI, Ricordo | Evento preparatorio al Viaggio del Ricordo",aig-opportunities,UNKNOWN,Minori e adolescenti,1.0,Bassa,giovani,,https://agenziagioventu.gov.it/qui-ricordo-evento-preparatorio-al-viaggio-del-ricordo/
“57 giorni… 57 parole buone… 57 storie…” Un percorso di memoria attiva per le giovani generazioni,aig-opportunities,UNKNOWN,Minori e adolescenti,1.0,Bassa,giovani,,https://agenziagioventu.gov.it/57-giorni-57-parole-buone-57-storie-un-percorso-di-memoria-attiva-per-le-giovani-generazioni/
Al via il contest creativo nazionale “Qui facis mirabilia”: i giovani raccontano San Francesco attraverso l’arte,aig-opportunities,UNKNOWN,"Minori e adolescenti | Migrazione, integrazione e intercultura",1.0,Bassa,giovani,,https://agenziagioventu.gov.it/al-via-il-contest-creativo-nazionale-qui-facis-mirabilia-i-giovani-raccontano-san-francesco-attraverso-larte/
Bando “Note di comunità. Esperienze musicali di quartiere”,Con i Bambini,OPEN,"Minori e adolescenti | Inclusione sociale e vulnerabilità | Lavoro, organizzazioni e occupazione | Comunità, welfare e sviluppo territoriale",0.0,Bassa,,,https://www.conibambini.org/bandi-e-iniziative/bando-note-di-comunita-esperienze-musicali-di-quartiere/
"Bando “Opportunità per me, un futuro migliore. Percorsi di seconda occasione”",Con i Bambini,OPEN,"Minori e adolescenti | Scuola, università e formazione | Inclusione sociale e vulnerabilità | Lavoro, organizzazioni e occupazione",1.0,Bassa,formazione,,https://www.conibambini.org/bandi-e-iniziative/bando-opportunita-per-me-un-futuro-migliore-percorsi-di-seconda-occasione/
Avviso bando gara COE,Dipartimento per le politiche della famiglia,OPEN,Famiglia e genitorialità,0.0,Bassa,,,https://www.famiglia.governo.it/it/politiche-e-attivita/finanziamenti-avvisi-e-bandi/avvisi-e-bandi/avviso-bando-gara-coe/
Avviso per il finanziamento delle attività educative e ricreative formali e non formali dei comuni,Dipartimento per le politiche della famiglia,UNKNOWN,Famiglia e genitorialità,0.0,Bassa,,,https://www.famiglia.governo.it/it/politiche-e-attivita/finanziamenti-avvisi-e-bandi/avvisi-e-bandi/avviso-per-il-finanziamento-delle-attivita-educative-e-ricreative-formali-e-non-formali-dei-comuni/
"Avviso pubblico ""Educare in comune""",Dipartimento per le politiche della famiglia,OPEN,Famiglia e genitorialità | Inclusione sociale e vulnerabilità,0.0,Bassa,,,https://www.famiglia.governo.it/it/politiche-e-attivita/finanziamenti-avvisi-e-bandi/avvisi-e-bandi/avviso-pubblico-educare-in-comune/
"Avviso pubblico ""Educare insieme""",Dipartimento per le politiche della famiglia,UNKNOWN,"Famiglia e genitorialità | Lavoro, organizzazioni e occupazione | Digitale, innovazione e AI",0.0,Bassa,,,https://www.famiglia.governo.it/it/politiche-e-attivita/finanziamenti-avvisi-e-bandi/avvisi-e-bandi/avviso-pubblico-educare-insieme/
Avviso pubblico per il finanziamento di progetti per la protezione e il sostegno di minori vittime di abuso e sfruttamento sessuale,Dipartimento per le politiche della famiglia,UNKNOWN,"Minori e adolescenti | Famiglia e genitorialità | Violenza, trauma e tutela",0.0,Bassa,,,https://www.famiglia.governo.it/it/politiche-e-attivita/finanziamenti-avvisi-e-bandi/avvisi-e-bandi/avviso-pubblico-per-il-finanziamento-di-progetti-per-la-protezione-e-il-sostegno-di-minori-vittime-di-abuso-e-sfruttamento-sessuale/
Avviso pubblico per il “Rafforzamento della rete dei Centri per la famiglia”,Dipartimento per le politiche della famiglia,UNKNOWN,"Famiglia e genitorialità | Comunità, welfare e sviluppo territoriale | Diritti, pari opportunità e contrasto alle discriminazioni",0.0,Bassa,,,https://www.famiglia.governo.it/it/politiche-e-attivita/finanziamenti-avvisi-e-bandi/avviso-pubblico-per-il-rafforzamento-della-rete-dei-centri-per-la-famiglia/
Avviso pubblico per la raccolta di manifestazioni di interesse a partecipare alla procedura per l’affidamento del servizio di gestione dell’utenza telefonica “114 – Emergenza Infanzia”,Dipartimento per le politiche della famiglia,UNKNOWN,Famiglia e genitorialità,0.0,Bassa,,,https://www.famiglia.governo.it/it/politiche-e-attivita/finanziamenti-avvisi-e-bandi/avvisi-e-bandi/avviso-pubblico-per-la-raccolta-di-manifestazioni-di-interesse-a-partecipare-alla-procedura-per-l-affidamento-del-servizio-di-gestione-dell-utenza-telefonica-114-emergenza-infanzia/
"Bando ""Time to care""",Dipartimento per le politiche della famiglia,UNKNOWN,Minori e adolescenti | Famiglia e genitorialità,1.0,Bassa,giovani,,https://www.famiglia.governo.it/it/politiche-e-attivita/finanziamenti-avvisi-e-bandi/avvisi-e-bandi/bando-time-to-care/
“Insieme si vince”,Dipartimento per le politiche della famiglia,UNKNOWN,Famiglia e genitorialità,0.0,Bassa,,,https://www.famiglia.governo.it/it/politiche-e-attivita/finanziamenti-avvisi-e-bandi/avvisi-e-bandi/insieme-si-vince/
"Manifestazione di interesse per l’individuazione del punto di contatto nazionale del Programma “Cittadini, Uguaglianza, Diritti e Valori - CERV” della Commissione europea",Dipartimento per le politiche della famiglia,UNKNOWN,"Famiglia e genitorialità | Diritti, pari opportunità e contrasto alle discriminazioni",0.0,Bassa,,,https://www.famiglia.governo.it/it/politiche-e-attivita/finanziamenti-avvisi-e-bandi/avvisi-e-bandi/manifestazione-di-interesse-per-l-individuazione-del-punto-di-contatto-nazionale-del-programma-cittadini-uguaglianza-diritti-e-valori-cerv-della-commissione-europea/
