title,source,relevance,theme,manual_label,short_reason,official_url
"Boosting mental health of young cancer survivors through the European Cancer Patient Digital Centre (ECPDC)",eu-funding-tenders,Alta,"Salute mentale e benessere",RELEVANT,"direct mental health call for cancer survivors",https://ec.europa.eu/info/funding-tenders/opportunities/portal/screen/opportunities/topic-details/HORIZON-MISS-2026-02-CANCER-05
"The impact of the use of digital tools outside school and for communication on educational outcomes and mental health",eu-funding-tenders,Alta,"Salute mentale e benessere | Scuola, formazione e lavoro",RELEVANT,"explicit mental health and educational outcomes",https://ec.europa.eu/info/funding-tenders/opportunities/portal/screen/opportunities/topic-details/HORIZON-CL2-2026-01-TRANSFO-04
"Avviso pubblico per il finanziamento di progetti di assistenza psicologica e psicosociologica a favore dei genitori in conseguenza della morte del figlio",dipartimento-famiglia,Alta,"Minori, giovani e famiglie",RELEVANT,"explicit psychological and psychosocial assistance",https://www.famiglia.governo.it/it/politiche-e-attivita/finanziamenti-avvisi-e-bandi/avvisi-e-bandi/avviso-pubblico-per-il-finanziamento-di-progetti-di-assistenza-psicologica-e-psicosociologica-a-favore-dei-genitori-in-conseguenza-della-morte-del-figlio/
"“Legami di libertà”: 10 milioni di euro per prevenire e contrastare le dipendenze tra gli adolescenti",fondazione-cariparo,Alta,"Minori, giovani e famiglie",RELEVANT,"adolescent addiction prevention",https://fondazionecariparo.it/2026/04/16/legami-di-liberta-10-milioni-di-euro-per-prevenire-e-contrastare-le-dipendenze-tra-gli-adolescenti/
"Tackling gender-based violence against politically active women and LGBTIQ people",eu-funding-tenders,Media,"Diritti, violenza e integrazione",RELEVANT,"direct gender-based violence programme",https://ec.europa.eu/info/funding-tenders/opportunities/portal/screen/opportunities/topic-details/HORIZON-CL2-2026-01-DEMOCRACY-01
"Preventing gender-based violence",eu-funding-tenders,Media,"Diritti, violenza e integrazione",RELEVANT,"direct violence prevention call",https://ec.europa.eu/info/funding-tenders/opportunities/portal/screen/opportunities/topic-details/CERV-2026-DAPHNE-PREVENTION
"Protecting and supporting victims and survivors of gender-based violence.",eu-funding-tenders,Media,"Diritti, violenza e integrazione",RELEVANT,"victim support and violence recovery",https://ec.europa.eu/info/funding-tenders/opportunities/portal/screen/opportunities/topic-details/CERV-2026-DAPHNE-PROTECTION
"Strengthen integrated child protection systems (CPS) incl. via cross-sectoral collaboration, and ensure child-centred, coordinated responses to violence against children, to contribute to the implementation of Commission Recommendation on integrated CPS",eu-funding-tenders,Media,"Minori, giovani e famiglie | Diritti, violenza e integrazione",RELEVANT,"child protection with violence response",https://ec.europa.eu/info/funding-tenders/opportunities/portal/screen/opportunities/topic-details/CERV-2026-DAPHNE-CHILDREN
"Supporting intermediary organisations (providing financial support to civil society organisations) working in the fields of gender-based violence and violence against children",eu-funding-tenders,Media,"Minori, giovani e famiglie | Diritti, violenza e integrazione",RELEVANT,"organisations funding violence response",https://ec.europa.eu/info/funding-tenders/opportunities/portal/screen/opportunities/topic-details/CERV-2026-DAPHNE-REGRANTING
"Supporting the achievement of the objectives of the Council of Europe Convention on preventing and combating violence against women (VAW) and domestic violence in the Union and the implementation of the Directive on combating VAW and domestic violence",eu-funding-tenders,Media,"Diritti, violenza e integrazione",RELEVANT,"direct domestic violence programme",https://ec.europa.eu/info/funding-tenders/opportunities/portal/screen/opportunities/topic-details/CERV-2026-DAPHNE-CONVENTION-DIR
"Regione Campania - Beni confiscati alla criminalità organizzata",incentivi-gov,Media,"Minori, giovani e famiglie",RELEVANT,"nido and socio-educational labs for minors",https://burc.regione.campania.it/eBurcWeb/publicContent/home/index.iface
"Addressing disabilities through the life course to support independent living and inclusion",eu-funding-tenders,Media,"Inclusione, disabilità e fragilità",RELEVANT,"independent living and disability inclusion",https://ec.europa.eu/info/funding-tenders/opportunities/portal/screen/opportunities/topic-details/HORIZON-HLTH-2027-01-STAYHLTH-01
"Improving socio-economic outcomes for persons with dementia and informal caregivers",eu-funding-tenders,Media,"Anziani, caregiver e salute",RELEVANT,"dementia and caregiver support",https://ec.europa.eu/info/funding-tenders/opportunities/portal/screen/opportunities/topic-details/HORIZON-CL2-2027-02-TRANSFO-09-two-stage
"Provincia Autonoma di Trento - Contributo per l’attività di tutoraggio a favore del tirocinante con disabilità - Int. 3.3.A",incentivi-gov,Media,"Inclusione, disabilità e fragilità | Scuola, formazione e lavoro",RELEVANT,"tutoring informs a targeted disability placement project",https://www.provincia.tn.it/Amministrazione/Documenti/Documento-degli-interventi-di-politica-del-lavoro-della-XVII-legislatura
"Persons with disabilities: opportunities for labour inclusion and social protection through the life course",eu-funding-tenders,Media,"Inclusione, disabilità e fragilità | Scuola, formazione e lavoro",BORDERLINE,"broad labour inclusion without explicit psychology component",https://ec.europa.eu/info/funding-tenders/opportunities/portal/screen/opportunities/topic-details/HORIZON-CL2-2027-01-TRANSFO-07
"Voucher per il lavoro per persone con disabilità - Veneto Lavoro",incentivi-gov,Media,"Inclusione, disabilità e fragilità | Scuola, formazione e lavoro",BORDERLINE,"employment voucher may support vocational psychology indirectly",https://www.cliclavoroveneto.it/bando-voucher-lavoro-persone-con-disabilita
"Avviso Supporto per lo sviluppo dei centri della famiglia e il coordinamento di interventi in materia di servizi di protezione e di inclusione sociale per nuclei famigliari multiproblematici",dipartimento-famiglia,Media,"Minori, giovani e famiglie | Inclusione, disabilità e fragilità",RELEVANT,"family centres and services for multiproblematic families",https://www.famiglia.governo.it/it/politiche-e-attivita/finanziamenti-avvisi-e-bandi/avvisi-e-bandi/avviso-supporto-per-lo-sviluppo-dei-centri-della-famiglia-e-il-coordinamento-di-interventi-in-materia-di-servizi-di-protezione-e-di-inclusione-sociale-per-nuclei-famigliari-multiproblematici/
"Bando Dritti al Punto",fondo-repubblica-digitale,Media,"Digitale, AI e ricerca",BORDERLINE,"digital inclusion may be relevant only for a specific project",https://www.fondorepubblicadigitale.it/bandi/bando-dritti-al-punto
"Bando Onlife+",fondo-repubblica-digitale,Media,"Digitale, AI e ricerca",BORDERLINE,"digital inclusion and employability are indirect",https://www.fondorepubblicadigitale.it/bandi/bando-onlife-plus
"Bando “Opportunità per me, un futuro migliore. Percorsi di seconda occasione”",con-i-bambini,Media,"Minori, giovani e famiglie | Scuola, formazione e lavoro",RELEVANT,"second-chance paths address youth motivation and exclusion",https://www.conibambini.org/bandi-e-iniziative/bando-opportunita-per-me-un-futuro-migliore-percorsi-di-seconda-occasione/
"Dote Impresa Collocamento Mirato Disabili - Annualità 2025 - Provincia di Pavia",incentivi-gov,Media,"Inclusione, disabilità e fragilità | Scuola, formazione e lavoro",BORDERLINE,"targeted employment measure without explicit psychology component",https://www.provincia.pv.it/it/page/dote-impresa
"Iniziative in cofinanziamento: quinta edizione",con-i-bambini,Media,"Minori, giovani e famiglie | Comunità e welfare",BORDERLINE,"broad cofinancing programme needs a specific youth project",https://www.conibambini.org/bandi-e-iniziative/iniziative-in-cofinanziamento-quinta-edizione/
"Towards a holistic support to children and adolescents’ health and care provisions in an increasingly digital society",eu-funding-tenders,Media,"Minori, giovani e famiglie | Salute mentale e benessere",RELEVANT,"children and adolescents health and care call",https://ec.europa.eu/info/funding-tenders/opportunities/data/topicDetails/HORIZON-HLTH-2024-STAYHLTH-01-02-two-stage.json
